501,pngtree.com
502,beytoote.com
503,myworkdayjobs.com
504,livejournal.com
505,onlyfans.com
506,pixabay.com
507,upwork.com
508,douyu.com
509,ria.ru
510,aporasal.net
511,td.com
512,nvidia.com
513,louisvuitton.com
514,it168.com
515,meituan.com
516,canada.ca
517,tinyurl.is
518,abs-cbn.com
519,lifo.gr
520,inquirer.net
521,duolingo.com
522,oracle.com
523,realsrv.com
524,aajtak.in
525,usnews.com
526,zhibo8.cc
527,onet.pl
528,gsmarena.com
529,robinhood.com
530,wiley.com
531,buzzfeed.com
532,elwatannews.com
533,elintransigente.com
534,finviz.com
535,smallseotools.com
536,mit.edu
537,lenta.ru
538,58.com
539,cengage.com
540,khanacademy.org
541,free.fr
542,9384.com
543,torob.com
544,blackboardcdn.com
545,themeforest.net
546,gogoanime.sh
547,xabbs.com
548,churchofjesuschrist.org
549,kinokrad.co
550,wondershare.com
551,mileroticos.com
552,myntra.com
553,westernjournal.com
554,newstrend.news
555,coinbase.com
556,chron.com
557,hurriyet.com.tr
558,zara.com
559,leboncoin.fr
560,vidio.com
561,dmm.co.jp
562,news18.com
563,tv9marathi.com
564,home77.com
565,kino-teatr.ru
566,outbrain.com
567,goo.ne.jp
568,rottentomatoes.com
569,elpais.com
570,eee114.com
571,lowes.com
572,olx.in
573,schoology.com
574,google.az
575,flashscore.com
576,google.co.ve
577,olx.ua
578,sarkariresult.com
579,box.com
580,doordash.com
581,subito.it
582,pixlr.com
583,slickdeals.net
584,banvenez.com
585,msi.com
586,ribunews.com
587,payu.in
588,cdc.gov
589,ebc.net.tw
590,elcomercio.com
591,hatenablog.com
592,pinterest.jp
593,moneycontrol.com
594,9anime.to
595,prothomalo.com
596,pchome.com.tw
597,farfetch.com
598,kakaku.com
599,huya.com
600,shopee.co.th
601,kuronekoyamato.co.jp
602,ecollege.com
603,eluniverso.com
604,runessm.online
605,newegg.com
606,alwafd.news
607,wplay.co
608,iliangcang.com
609,huim.com
610,epicgames.com
611,wp.pl
612,britannica.com
613,shopee.vn
614,npr.org
615,elsevier.com
616,cnnindonesia.com
617,jw.org
618,liveonscore.tv
619,as.com
620,zougla.gr
621,reuters.com
622,xiami.com
623,nordstrom.com
624,google.com.vn
625,seznam.cz
626,diply.com
627,discover.com
628,olx.pl
629,rbc.ru
630,merriam-webster.com
631,morningpost.com.cn
632,chaduo.com
633,ubereats.com
634,iobit.com
635,babyschool.com.cn
636,258.com
637,lenovo.com
638,mailchimp.com
639,harvard.edu
640,bbcollab.com
641,eshkol.io
642,doubleclick.net
643,52pk.com
644,issuu.com
645,tejaratnews.com
646,ign.com
647,evernote.com
648,azure.com
649,emofid.com
650,nyaa.si
651,hm.com
652,creditchina.gov.cn
653,znanija.com
654,uidai.gov.in
655,zoho.com
656,convertio.co
657,vvvdj.com
658,ecosia.org
659,protonmail.com
660,mathrubhumi.com
661,playstation.com
662,addthis.com
663,eqxiu.com
664,draftkings.com
665,thegatewaypundit.com
666,seasonvar.ru
667,transferwise.com
668,binomo-webtrading.com
669,elfagr.com
670,iweihai.cn
671,sporx.com
672,ouo.io
673,techradar.com
674,pcmag.com
675,mydramalist.com
676,secureserver.net
677,ea.com
678,sxyprn.com
679,docusign.com
680,squareup.com
681,filmix.co
682,onmarshtompor.com
683,laodong.vn
684,pcbaby.com.cn
685,sina.cn
686,suumo.jp
687,bloomberg.com
688,skroutz.gr
689,docin.com
690,parsfootball.com
691,mgid.com
692,nairaland.com
693,loom.com
694,oeeee.com
695,kontan.co.id
696,gamespot.com
697,iherb.com
698,dreamstime.com
699,wordreference.com
700,etrade.com
701,freshdesk.com
702,udn.com
703,firefoxchina.cn
704,globalsources.com
705,emalls.ir
706,fararu.com
707,agacelebir.com
708,gamer.com.tw
709,mercari.com
710,txxx.com
711,renren.com
712,stocktwits.com
713,gab.com
714,ionos.com
715,xhamsterlive.com
716,rakuten-bank.co.jp
717,51auto.com
718,chooseauto.com.cn
719,shareasale.com
720,endclothing.com
721,kompas.tv
722,xmnn.cn
723,cima4u.io
724,tesla.com
725,popads.net
726,nta.go.jp
727,cnbcindonesia.com
728,stockx.com
729,xe.com
730,go.com
731,anjuke.com
732,livedoor.jp
733,ebrun.com
734,southcn.com
735,cuevana3.io
736,gtmetrix.com
737,agah.com
738,dcinside.com
739,apkpure.com
740,onlinesbi.sbi
741,hindustantimes.com
742,lieyunwang.com
743,riotgames.com
744,nicsorts-accarade.com
745,gh0089.com
746,asus.com
747,sabq.org
748,thefreedictionary.com
749,google.cn
750,g2.com
751,google.dz
752,elmostaqbal.com
753,championat.com
754,ultrawordcounter.com
755,segmentfault.com
756,ngacn.cc
757,bola.com
758,india.com
759,eastmoney.com
760,znds.com
761,bolasport.com
762,rakuten-card.co.jp
763,freecodecamp.org
764,getfvid.com
765,walgreens.com
766,myanimelist.net
767,tandfonline.com
768,poshmark.com
769,qiita.com
770,mofidonline.com
771,gyazo.com
772,getintopc.com
773,adp.com
774,dmm.com
775,rediff.com
776,thecoolposts.com
777,biblegateway.com
778,cnbc.com
779,toutiao.com
780,kickstarter.com
781,mydrivers.com
782,nextdoor.com
783,turkiye.gov.tr
784,wiktionary.org
785,dnevnik.ru
786,indianexpress.com
787,audible.com
788,axisbank.co.in
789,rakuten-sec.co.jp
790,adpopblocker.com
791,nbcnews.com
792,4chan.org
793,trulia.com
794,tdameritrade.com
795,statista.com
796,makemytrip.com
797,giphy.com
798,discogs.com
799,medicalnewstoday.com
800,surveymonkey.com
801,icy-veins.com
802,constantcontact.com
803,fang.com
804,cj.com
805,wetter.com
806,sputniknews.com
807,online-convert.com
808,mynavi.jp
809,taleo.net
810,kizlarsoruyor.com
811,kdslife.com
812,python.org
813,caliente.mx
814,freee.co.jp
815,europa.eu
816,turbo.az
817,superuser.com
818,realestate.com.au
819,daftsex.com
820,thingiverse.com
821,nikkei.com
822,rahavard365.com
823,topfo.com
824,dw.com
825,yeniakit.com.tr
826,remove.bg
827,exoclick.com
828,absher.sa
829,activehosted.com
830,nhk.or.jp
831,yektanet.com
832,mega.nz
833,storage.googleapis.com
834,bitly.com
835,drom.ru
836,wattpad.com
837,nobitex.ir
838,dstv.com
839,mxplayer.in
840,boc.cn
841,iau.ac.ir
842,byjus.com
843,rumble.com
844,ytimg.com
845,google.com.pe
846,dafont.com
847,t66y.com
848,cloudflare.com
849,sozcu.com.tr
850,wsj.com
851,kugou.com
852,cda.pl
853,protothema.gr
854,iloveimg.com
855,docusign.net
856,billdesk.com
857,kijiji.ca
858,manganelo.com
859,expedia.com
860,baskino.me
861,premierbet.co.ao
862,aweber.com
863,google.com.pk
864,apple.com.cn
865,clickpost.jp
866,aofex.com
867,gittigidiyor.com
868,chinanetrank.com
869,itmedia.co.jp
870,aldar.ma
871,pexels.com
872,mercadolibre.com.co
873,stripchat.com
874,novembershopsconvene.com
875,ebay.it
876,alimama.com
877,jut.su
878,tap.az
879,yinyuetai.com
880,justdial.com
881,hugedomains.com
882,mykajabi.com
883,howtogeek.com
884,hespress.com
885,hops.id
886,jooble.org
887,google.pt
888,zhaket.com
889,qualtrics.com
890,hangseng.com
891,syf.com
892,worldoftanks.eu
893,shopify.com
894,google.be
895,ssl-images-amazon.com
896,aizhan.com
897,kohls.com
898,latimes.com
899,depositphotos.com
900,ems.com.cn
901,xiu.com
902,spiegel.de
903,sportingnews.com
904,binomo.com
905,nownews.com
906,intel.com
907,mos.ru
908,ojooo.com
909,indiatoday.in
910,uptobox.com
911,epfindia.gov.in
912,heartbrokendilapidation.com
913,ebay.fr
914,interia.pl
915,google.cl
916,multiurok.ru
917,epwk.com
918,huaban.com
919,royalbank.com
920,vseigru.net
921,inews.id
922,nhl.com
923,www.gov.cn
924,dhl.com
925,goal.com
926,gdz.ru
927,nhentai.net
928,digiato.com
929,chsi.com.cn
930,pestilentdarwinuphill.com
931,wp.com
932,mcafee.com
933,ynet.com
934,cointelegraph.com
935,hamariweb.com
936,fubo.tv
937,avaz.ba
938,rarbg.to
939,cyol.com
940,yt1s.com
941,nexusmods.com
942,google.com.my
943,milliyet.com.tr
944,subscene.com
945,denetsuk.com
946,americanas.com.br
947,nur.kz
948,manyvids.com
949,xianjichina.com
950,rsafrwd.com
951,tutsplus.com
952,zingnews.vn
953,javatpoint.com
954,wartaekonomi.co.id
955,bankmellat.ir
956,mangadex.org
957,basecamp.com
958,hh.ru
959,business.site
960,adbtc.top
961,ali213.net
962,zoominfo.com
963,1plus1tv.ru
964,mawdoo3.com
965,peskyexecutionyouthful.com
966,google.co.za
967,123rf.com
968,ccavenue.com
969,futemax.live
970,shopee.ph
971,timeanddate.com
972,soap2day.to
973,shopifypreview.com
974,freevideoguard.com
975,afreecatv.com
976,coconala.com
977,bfst.to
978,www.gov.uk
979,socialblade.com
980,nike.com
981,autodesk.com
982,spectrum.net
983,rakuten.ne.jp
984,dingtalk.com
985,usbank.com
986,xero.com
987,hsbc.com.hk
988,otvfoco.com.br
989,mxc.com
990,bola.net
991,boohoo.com
992,dalfak.com
993,gxu.edu.cn
994,teamviewer.com
995,stanford.edu
996,huawei.com
997,slack.com
998,blockskipad.com
999,allrecipes.com
1000,hi.ru