1,google.com
2,youtube.com
3,tmall.com
4,baidu.com
5,qq.com
6,sohu.com
7,360.cn
8,facebook.com
9,taobao.com
10,jd.com
11,amazon.com
12,yahoo.com
13,wikipedia.org
14,sina.com.cn
15,weibo.com
16,xinhuanet.com
17,netflix.com
18,reddit.com
19,live.com
20,panda.tv
21,zhanqi.tv
22,okezone.com
23,instagram.com
24,zoom.us
25,vk.com
26,alipay.com
27,csdn.net
28,microsoft.com
29,google.com.hk
30,twitch.tv
31,github.com
32,myshopify.com
33,aliexpress.com
34,bing.com
35,bongacams.com
36,yahoo.co.jp
37,ebay.com
38,adobe.com
39,office.com
40,tianya.cn
41,naver.com
42,huanqiu.com
43,amazon.in
44,apple.com
45,amazon.co.jp
46,microsoftonline.com
47,twitter.com
48,yy.com
49,chaturbate.com
50,haosou.com
51,aparat.com
52,ok.ru
53,17ok.com
54,yandex.ru
55,wordpress.com
56,imdb.com
57,whatsapp.com
58,linkedin.com
59,etsy.com
60,mail.ru
61,medium.com
62,so.com
63,google.co.in
64,tribunnews.com
65,msn.com
66,pornhub.com
67,babytree.com
68,rakuten.co.jp
69,instructure.com
70,tradingview.com
71,xvideos.com
72,w3schools.com
73,roblox.com
74,indeed.com
75,google.co.jp
76,canva.com
77,google.com.br
78,cnzz.com
79,dropbox.com
80,cnblogs.com
81,imgur.com
82,fandom.com
83,chase.com
84,xhamster.com
85,163.com
86,udemy.com
87,amazonaws.com
88,spotify.com
89,amazon.co.uk
90,google.de
91,flipkart.com
92,espn.com
93,gome.com.cn
94,freepik.com
95,paypal.com
96,primevideo.com
97,6.cn
98,rednet.cn
99,google.it
100,amazon.de
101,savefrom.net
102,tiktok.com
103,nytimes.com
104,bbc.com
105,telegram.org
106,zillow.com
107,thestartmagazine.com
108,force.com
109,google.ru
110,1688.com
111,walmart.com
112,cnn.com
113,stackoverflow.com
114,detik.com
115,kompas.com
116,google.es
117,trello.com
118,stackexchange.com
119,zhihu.com
120,duckduckgo.com
121,ettoday.net
122,intuit.com
123,livejasmin.com
124,pixnet.net
125,digikala.com
126,bilibili.com
127,hao123.com
128,daum.net
129,google.fr
130,bbc.co.uk
131,aliyun.com
132,soundcloud.com
133,grid.id
134,speedtest.net
135,chess.com
136,grammarly.com
137,tumblr.com
138,google.com.sg
139,hulu.com
140,google.co.uk
141,booking.com
142,disneyplus.com
143,pinterest.com
144,indiatimes.com
145,godaddy.com
146,avito.ru
147,healthline.com
148,t.me
149,nih.gov
150,archive.org
151,tistory.com
152,zol.com.cn
153,amazon.ca
154,hotstar.com
155,videocampaign.co
156,craigslist.org
157,onlinesbi.com
158,researchgate.net
159,google.com.tw
160,bet9ja.com
161,shutterstock.com
162,padlet.com
163,wetransfer.com
164,varzesh3.com
165,pikiran-rakyat.com
166,salesforce.com
167,theguardian.com
168,ikea.com
169,ilovepdf.com
170,vimeo.com
171,zendesk.com
172,sogou.com
173,office365.com
174,youm7.com
175,aliexpress.ru
176,setn.com
177,51yes.com
178,soso.com
179,bestbuy.com
180,tokopedia.com
181,wellsfargo.com
182,cnet.com
183,unsplash.com
184,51.la
185,quizlet.com
186,google.com.tr
187,google.com.mx
188,slideshare.net
189,xnxx.com
190,redd.it
191,washingtonpost.com
192,y2mate.com
193,asos.com
194,cbssports.com
195,momoshop.com.tw
196,ebay.de
197,smallpdf.com
198,bet365.com
199,googlevideo.com
200,heavy.com
201,suara.com
202,cnnic.cn
203,mediafire.com
204,investopedia.com
205,crunchyroll.com
206,alibaba.com
207,globo.com
208,etoro.com
209,discord.com
210,mercadolivre.com.br
211,liputan6.com
212,tudou.com
213,businessinsider.com
214,okta.com
215,wikihow.com
216,51sole.com
217,gamepedia.com
218,deepl.com
219,investing.com
220,weather.com
221,notion.so
222,manoramaonline.com
223,lazada.sg
224,trendyol.com
225,chouftv.ma
226,360.com
227,fidelity.com
228,uol.com.br
229,chegg.com
230,cricbuzz.com
231,homedepot.com
232,forbes.com
233,google.ca
234,namnak.com
235,behance.net
236,telewebion.com
237,cbs.com
238,xfinity.com
239,dailymotion.com
240,google.com.sa
241,fiverr.com
242,brilio.net
243,usps.com
244,line.me
245,capitalone.com
246,op.gg
247,shaparak.ir
248,ca.gov
249,amazon.fr
250,geeksforgeeks.org
