219,investing.com
220,weather.com
221,notion.so
222,manoramaonline.com
223,lazada.sg
224,trendyol.com
225,chouftv.ma
226,360.com
227,fidelity.com
228,uol.com.br
229,chegg.com
230,cricbuzz.com
231,homedepot.com
232,forbes.com
233,google.ca
234,namnak.com
235,behance.net
236,telewebion.com
237,cbs.com
238,xfinity.com
239,dailymotion.com
240,google.com.sa
241,fiverr.com
242,brilio.net
243,usps.com
244,line.me
245,capitalone.com
246,op.gg
247,shaparak.ir
248,ca.gov
249,amazon.fr
250,geeksforgeeks.org
251,sq.cn
252,iqiyi.com
253,sindonews.com
254,tencent.com
255,iqbroker.com
256,blackboard.com
257,amazon.it
258,sonhoo.com
259,espncricinfo.com
260,wildberries.ru
261,mozilla.org
262,google.co.th
263,samsung.com
264,target.com
265,blogger.com
266,amazon.es
267,sciencedirect.com
268,icicibank.com
269,pinimg.com
270,yelp.com
271,google.com.ar
272,gismeteo.ru
273,rt.com
274,airbnb.com
275,cloudfront.net
276,allegro.pl
277,mercadolibre.com.mx
278,mercadolibre.com.ar
279,coursera.org
280,amazon.com.mx
281,ask.com
282,binance.com
283,skype.com
284,t.co
285,liansuo.com
286,google.pl
287,sahibinden.com
288,google.com.eg
289,efu.com.cn
290,wikimedia.org
291,ndtv.com
292,google.co.kr
293,patreon.com
294,rezka.ag
295,atlassian.net
296,albawabhnews.com
297,bukalapak.com
298,google.co.id
299,squarespace.com
300,idntimes.com
301,hdfcbank.com
302,wayfair.com
303,redfin.com
304,wix.com
305,fedex.com
306,namu.wiki
307,shein.com
308,jpnn.com
309,iyiou.com
310,namasha.com
311,gosuslugi.ru
312,ameblo.jp
313,eatthis.com
314,dianping.com
315,in.gr
316,focus.cn
317,thepiratebay.org
318,bp.blogspot.com
319,goodreads.com
320,worldometers.info
321,proiezionidiborsa.it
322,coindesk.com
323,merdeka.com
324,spankbang.com
325,uptodown.com
326,dcard.tw
327,foxnews.com
328,bankofamerica.com
329,pdfdrive.com
330,japanpost.jp
331,ups.com
332,teachable.com
333,fc2.com
334,weebly.com
335,istockphoto.com
336,reverso.net
337,twimg.com
338,ouedkniss.com
339,kakao.com
340,taboola.com
341,nfl.com
342,aol.com
343,linktr.ee
344,dailymail.co.uk
345,zerodha.com
346,theepochtimes.com
347,ny.gov
348,ladbible.com
349,trustpilot.com
350,kumparan.com
351,breitbart.com
352,fast.com
353,cambridge.org
354,scribd.com
355,irctc.co.in
356,nicovideo.jp
357,douban.com
358,softonic.com
359,kapanlagi.com
360,nbcsports.com
361,coursehero.com
362,sberbank.ru
363,borna.news
364,alsolta.net
365,runoob.com
366,kraken.com
367,premierleague.com
368,yandex.com
369,tripadvisor.com
370,coinmarketcap.com
371,tomachopan.com
372,infobae.com
373,ih5.cn
374,rambler.ru
375,oschina.net
376,jamnews.com
377,citi.com
378,madrasati.sa
379,divar.ir
380,yts.mx
381,web.de
382,9gag.com
383,dbs.com.sg
384,americanexpress.com
385,clickbank.com
386,norton.com
387,quora.com
388,jianshu.com
389,flickr.com
390,patch.com
391,costco.com
392,ibicn.com
393,irs.gov
394,ebay-kleinanzeigen.de
395,fool.com
396,mheducation.com
397,people.com.cn
398,messenger.com
399,hp.com
400,shopee.tw
401,wixsite.com
402,shopee.co.id
403,seekingalpha.com
404,feedly.com
405,google.com.ua
406,naukri.com
407,ecer.com
408,files.wordpress.com
409,youku.com
410,ninisite.com
411,eghtesadnews.com
412,hbomax.com
413,redbubble.com
414,indiamart.com
415,shopee.com.my
416,google.ro
417,qoo10.sg
418,creditkarma.com
419,1337x.to
420,glassdoor.com
421,academia.edu
422,mehrnews.com
423,livescore.com
424,nypost.com
425,filimo.com
426,orange.fr
427,dell.com
428,ebay.co.uk
429,donya-e-eqtesad.com
430,wowhead.com
431,usatoday.com
432,ozon.ru
433,hootsuite.com
434,wish.com
435,google.gr
436,tahiamasr.com
437,dicancele.fun
438,rutracker.org
439,att.com
440,sourceforge.net
441,w3school.com.cn
442,ivi.ru
443,gusuwang.com
444,alodokter.com
445,macys.com
446,steamcommunity.com
447,asriran.com
448,steampowered.com
449,accuweather.com
450,dspultra.com
451,webmd.com
452,gstatic.com
453,marca.com
454,ensonhaber.com
455,bovada.lv
456,nba.com
457,animeflv.net
458,uchi.ru
459,verizon.com
460,razorpay.com
461,tutorialspoint.com
462,360doc.com
463,marketwatch.com
464,eghtesadonline.com
465,zippyshare.com
466,biobiochile.cl
467,house365.com
468,elbalad.news
469,springer.com
470,realtor.com
471,vnexpress.net
472,coupang.com
473,kooora.com
474,deviantart.com
475,typeform.com
476,google.com.au
477,rakuten.com
478,ameritrade.com
479,viva.co.id
480,wordpress.org
481,cnbeta.com
482,youporn.com
483,line.biz
484,chinaz.com
485,schwab.com
486,pixiv.net
487,tsetmc.com
488,banggood.com
489,ebay.com.au
490,genius.com
491,pearson.com
492,91jm.com
493,ultimate-guitar.com
494,ytmp3.cc
495,bhphotovideo.com
496,eksisozluk.com
497,discordapp.com
498,rctiplus.com
499,gmx.net
500,jocial.com